ingreso_mensual,edad,temperatura_c,peso_kg,talla_cm,frecuencia_cardiaca,ciudad_CDMX,ciudad_Guadalajara,ciudad_Monterrey,ciudad_Puebla,ciudad_Toluca,tipo_servicio_basico,tipo_servicio_estandar,tipo_servicio_premium,nivel,codigo_serie,referencia
0.8232880225698898,0.14893617021276595,0.2079986833976486,0.24745874042441635,-2.0904678708905164,0.0,0.0,1.0,0.0,0.0,0.0,0.0,0.0,1.0,2.0,1.0,REF-931711
-0.9575788663759939,0.3404255319148936,0.07853732675111846,1.3520011658290538,0.0,0.0,0.0,0.0,1.0,0.0,0.0,0.0,1.0,0.0,0.0,0.0,REF-621328
0.0,0.20212765957446804,0.2646140231110623,-0.781908119451418,-0.2701247087972597,-0.8985756330377566,1.0,0.0,0.0,0.0,0.0,0.0,1.0,0.0,1.0,0.0,REF-836665
-0.6089766606822262,0.22340425531914893,0.2192830367455425,1.5232545205877654,-1.5678634892491192,-0.4573364213894507,1.0,0.0,0.0,0.0,0.0,0.0,1.0,0.0,0.0,2.0,REF-634251
3.0817132598102077,0.0,1.0000000000000009,-0.5505608967477373,-0.3567239737492864,-0.1565712365741425,1.0,0.0,0.0,0.0,0.0,1.0,0.0,0.0,2.0,2.0,REF-891035
-0.40553988202103103,0.19148936170212766,0.17916890972942756,-2.5163594026972502,-0.13714047397123155,0.0,0.0,0.0,1.0,0.0,0.0,1.0,0.0,0.0,1.0,0.0,REF-712387
0.0,0.18085106382978722,0.12529444430076442,1.080913135571623e-15,1.4446146449438093,0.0,1.0,0.0,0.0,0.0,0.0,0.0,0.0,1.0,1.0,2.0,REF-199723
-0.9481405488586817,0.17021276595744678,0.27023134822415606,1.080913135571623e-15,-0.17953862337097,-0.508678584943312,0.0,0.0,0.0,0.0,1.0,0.0,1.0,0.0,0.0,2.0,REF-626778
2.0242113362400618,0.12765957446808507,0.14671751625159413,0.3999081110678126,0.5122135468899023,0.0,1.0,0.0,0.0,0.0,0.0,1.0,0.0,0.0,2.0,0.0,REF-509291
0.3458322646832521,0.0,0.2133413788274705,0.2394975835689048,1.845147813429411,-1.0584942008070308,0.0,0.0,0.0,0.0,1.0,1.0,0.0,0.0,1.0,0.0,REF-997882
-0.5128494485765581,0.351063829787234,0.22533118682639408,0.8480963462444489,0.0,0.0,0.0,0.0,1.0,0.0,0.0,1.0,0.0,0.0,0.0,1.0,REF-638408
0.558194408822775,0.2553191489361702,0.24843817934713375,-0.3354432049528632,-0.5237640900211117,0.0,1.0,0.0,0.0,0.0,0.0,1.0,0.0,0.0,2.0,0.0,REF-873566
0.5297768658630418,0.10638297872340424,0.2992982582850878,2.5036238568512754,0.0,0.31013296865545903,0.0,0.0,0.0,1.0,0.0,0.0,1.0,0.0,2.0,2.0,REF-797671
-0.8918184149781996,0.4787234042553192,0.37263388655717566,0.563270740564059,-1.0488504350221888,1.0039571329452917,0.0,0.0,0.0,1.0,0.0,1.0,0.0,0.0,0.0,1.0,REF-897595
-0.2634521672223647,0.23404255319148937,0.37077742063959196,0.22385714455194297,0.5756735761625448,0.0,0.0,1.0,0.0,0.0,0.0,1.0,0.0,0.0,1.0,0.0,REF-153566
-1.1575275711720954,0.07446808510638298,0.2192830367455425,-1.3112768894695481,0.055214822223484374,-1.4867950279222362,1.0,0.0,0.0,0.0,0.0,0.0,1.0,0.0,0.0,2.0,REF-211617
0.0,0.03191489361702127,0.2140854945542605,0.5483199602338285,-0.6114194968967827,0.0,0.0,0.0,0.0,1.0,0.0,0.0,0.0,1.0,1.0,0.0,REF-839541
-0.5290587330084637,0.23404255319148937,0.21169576717811456,3.249134362552515,1.136351746656883,1.2549636659371837,1.0,0.0,0.0,0.0,0.0,0.0,1.0,0.0,0.0,0.0,REF-993375
0.9417799435752757,0.276595744680851,0.24676110707210253,1.080913135571623e-15,1.4404947203140295,0.0,0.0,0.0,0.0,0.0,1.0,0.0,0.0,1.0,2.0,0.0,
-1.0000512952038985,0.10638297872340424,0.29303298899854013,1.080913135571623e-15,0.571591454979234,1.501360842628258,0.0,0.0,0.0,1.0,0.0,1.0,0.0,0.0,0.0,2.0,REF-899971
0.0,0.0,0.2192830367455425,-1.7504353961543628,0.0,-1.194892612609724,0.0,1.0,0.0,0.0,0.0,0.0,1.0,0.0,2.0,2.0,REF-159441
3.9112592972557065,0.3404255319148936,0.3246327042062376,0.8439793767252829,-0.3396952246576228,0.0,1.0,0.0,0.0,0.0,0.0,0.0,1.0,0.0,2.0,1.0,REF-551922
0.0011284944857655808,0.2978723404255319,0.32634954326015553,-1.1260218455208009,-1.5383794051449684,-0.22870171079000245,1.0,0.0,0.0,0.0,0.0,0.0,1.0,0.0,1.0,0.0,REF-493166
-0.5575788663759939,0.22340425531914893,0.37763820471857823,-1.5494667494306107,0.006563880782398818,1.8462994256786003,1.0,0.0,0.0,0.0,0.0,0.0,1.0,0.0,0.0,1.0,REF-990494
0.11797896896640164,0.04255319148936168,0.2443056861589339,-0.7095221978295086,0.5591250089652587,0.10801406426377973,1.0,0.0,0.0,0.0,0.0,1.0,0.0,0.0,1.0,1.0,
-0.3765067966145165,0.08510638297872339,0.2192830367455425,1.4539427052130578,0.647272034254413,0.8308221758309596,0.0,1.0,0.0,0.0,0.0,0.0,1.0,0.0,1.0,0.0,REF-367244
4.4766350346242625,0.22340425531914893,0.29194901459662326,-1.1239238820418869,-0.860820052754231,-0.2721204835490775,0.0,1.0,0.0,0.0,0.0,1.0,0.0,0.0,2.0,2.0,REF-261032
0.17378815080789947,0.08510638297872339,0.24504038039595777,0.5340016935947701,0.17439504827733457,0.4430974075107514,1.0,0.0,0.0,0.0,0.0,0.0,0.0,1.0,1.0,0.0,REF-408083
-0.8795075660425751,0.26595744680851063,0.28534429337956535,0.9304668941096169,-0.9076790956419079,0.0,0.0,0.0,1.0,0.0,0.0,0.0,1.0,0.0,0.0,0.0,REF-637153
-0.37199281867145423,0.22340425531914893,0.2523281135946611,1.4145091358213364,-0.9328060721265095,-0.9082669135390817,1.0,0.0,0.0,0.0,0.0,1.0,0.0,0.0,1.0,1.0,REF-477593
0.0,0.3723404255319149,0.18384398525018142,-0.8553899640239827,-0.600005731469073,0.2658652111229347,1.0,0.0,0.0,0.0,0.0,1.0,0.0,0.0,1.0,0.0,REF-722475
-0.9933829186971018,0.22340425531914893,0.23625347003197916,0.45274536855711156,1.4817758885466266,-0.16989802242120122,0.0,0.0,1.0,0.0,0.0,1.0,0.0,0.0,0.0,1.0,REF-723942
0.26222108232880226,0.19148936170212766,0.22744266449218564,-0.7237223219118241,-0.41651537602289057,0.9820134386472712,1.0,0.0,0.0,0.0,0.0,1.0,0.0,0.0,1.0,0.0,REF-614187
1.3422676891510645,0.010638297872340413,0.21456084842405687,0.08715124642726922,0.2063157511364578,0.0,1.0,0.0,0.0,0.0,0.0,1.0,0.0,0.0,1.0,0.0,REF-854434
-0.5437291613234163,0.276595744680851,0.17006966659702538,-0.6300509950117379,0.1755818638249226,0.31313357132524083,1.0,0.0,0.0,0.0,0.0,1.0,0.0,0.0,0.0,1.0,
-0.7680943831751731,0.3617021276595745,0.23842708757130548,-2.0985976400567385,-0.7134242630668679,-0.03556586776015996,1.0,0.0,0.0,0.0,0.0,1.0,0.0,0.0,0.0,0.0,REF-954790
0.6368812516029752,0.24468085106382975,0.19094309170354773,1.042588039109788,0.6758104462651392,0.0,1.0,0.0,0.0,0.0,0.0,0.0,1.0,0.0,2.0,0.0,REF-655415
-0.9687612208258528,0.22340425531914893,0.31196136349161385,0.6868688306733264,-1.2947711858023663,-0.29837728714645556,0.0,0.0,0.0,0.0,1.0,1.0,0.0,0.0,1.0,0.0,REF-944637
2.908745832264683,0.22340425531914893,0.17435020198092133,1.3480624913734394,1.3975853020870446,-0.09365072627107882,0.0,0.0,1.0,0.0,0.0,1.0,0.0,0.0,2.0,0.0,REF-461951
0.0,0.22340425531914893,0.2750608496903171,1.9626025529642444,0.3935581420469495,-1.01734467491107,0.0,0.0,1.0,0.0,0.0,0.0,1.0,0.0,1.0,1.0,REF-277005
0.0,0.12765957446808507,0.2120683730763604,1.3975956585195421,-0.20104701576557657,-1.2266546281752162,0.0,1.0,0.0,0.0,0.0,0.0,1.0,0.0,0.0,2.0,REF-228054
-0.5696845344960246,0.22340425531914893,0.26242066775404993,-2.1759893694286996,1.4342247843446057,0.22553929224767666,1.0,0.0,0.0,0.0,0.0,1.0,0.0,0.0,1.0,0.0,REF-843892
-1.2760194921774815,0.3191489361702127,0.2678186226511112,-1.249474155763981,-0.9789374420720197,3.3663982387570655,1.0,0.0,0.0,0.0,0.0,0.0,1.0,0.0,0.0,0.0,REF-246458
0.0,0.021276595744680826,0.2375477099928105,1.080913135571623e-15,0.8494816494570915,1.2219325784314283,0.0,0.0,1.0,0.0,0.0,1.0,0.0,0.0,1.0,1.0,REF-873864
2.1840471915875868,0.1595744680851064,0.26730498983141704,0.1349705056296545,-1.9213789901099863,0.0,1.0,0.0,0.0,0.0,0.0,1.0,0.0,0.0,1.0,2.0,REF-490077
-0.43836881251602977,0.23404255319148937,0.2192830367455425,0.04834941641046863,-1.093866451388668,-0.8408303479158911,0.0,0.0,0.0,1.0,0.0,1.0,0.0,0.0,0.0,0.0,REF-344295
0.0,0.08510638297872339,0.21380133420240544,0.29642215609052824,0.43962642667737345,1.3490204824256875,0.0,0.0,0.0,0.0,1.0,1.0,0.0,0.0,2.0,0.0,REF-157513
-0.09817902026160553,0.22340425531914893,0.1908704492558737,1.080913135571623e-15,-1.209029800841189,-0.20360240936226856,1.0,0.0,0.0,0.0,0.0,0.0,1.0,0.0,1.0,0.0,REF-737531
10.458912675044884,0.22340425531914893,0.22878165278307083,1.080913135571623e-15,0.2791594009360689,0.0,0.0,0.0,0.0,1.0,0.0,1.0,0.0,0.0,2.0,2.0,REF-749259
-0.3715824570402667,0.22340425531914893,0.2530359262940829,-0.912335931405582,-0.8791998193324582,0.0,1.0,0.0,0.0,0.0,0.0,0.0,1.0,0.0,1.0,0.0,REF-419939
-0.9485509104898692,0.22340425531914893,0.20289917415151226,-0.37782143895068104,0.0,1.876527209645725,0.0,0.0,0.0,1.0,0.0,0.0,1.0,0.0,0.0,0.0,REF-412499
0.00615542446781226,0.06382978723404253,0.1322194383693045,-1.0091466406296734,0.9240793943636454,0.22684423580722468,1.0,0.0,0.0,0.0,0.0,1.0,0.0,0.0,1.0,1.0,REF-384248
-0.804001025904078,0.22340425531914893,0.2683452242017754,1.080913135571623e-15,0.20538775464989423,-0.808928896737546,0.0,0.0,1.0,0.0,0.0,1.0,0.0,0.0,0.0,0.0,REF-717515
1.945934855091049,0.17021276595744678,0.3195399982989935,-0.26366970359152175,0.923707186664394,0.0,1.0,0.0,0.0,0.0,0.0,1.0,0.0,0.0,2.0,0.0,REF-415260
0.0,0.4574468085106383,0.28871747785918433,0.23939614433714237,-0.31607066390544425,0.013756589390814427,0.0,1.0,0.0,0.0,0.0,0.0,1.0,0.0,0.0,2.0,REF-211391
0.30233393177737883,0.22340425531914893,0.2192830367455425,-0.9877023202522982,0.0,-0.8775527855036414,1.0,0.0,0.0,0.0,0.0,1.0,0.0,0.0,1.0,1.0,REF-241974
0.0,0.3191489361702127,0.17281974187314475,-0.33702701331484924,-0.6663819754593442,-0.5441392562067382,1.0,0.0,0.0,0.0,0.0,1.0,0.0,0.0,2.0,0.0,REF-478910
-0.8912028725314183,0.0957446808510638,0.17969642752585901,1.080913135571623e-15,1.0244028620175918,0.0,0.0,0.0,1.0,0.0,0.0,1.0,0.0,0.0,0.0,2.0,REF-479061
0.8209284431905617,0.39361702127659576,0.07209417519938288,0.07150111248406806,-0.15471422636633703,0.0,0.0,1.0,0.0,0.0,0.0,0.0,1.0,0.0,2.0,0.0,REF-598977
4.2407796870992565,0.28723404255319146,0.16863095094855396,1.5920572945274138,0.7135460331597056,-0.7508408898766626,1.0,0.0,0.0,0.0,0.0,1.0,0.0,0.0,2.0,0.0,REF-829808
-1.0549371633752245,0.41489361702127653,0.08645551196402224,-0.9867300711233806,1.2487308136838526,-0.07457674346558779,0.0,0.0,1.0,0.0,0.0,0.0,1.0,0.0,1.0,2.0,REF-756919
-1.6734547319825597,0.4361702127659574,0.2192830367455425,0.9940479181013302,0.0,0.13154167119860988,0.0,0.0,0.0,0.0,1.0,1.0,0.0,0.0,0.0,0.0,REF-222943
0.11736342651962041,0.26595744680851063,0.2192830367455425,1.080913135571623e-15,0.579357828007426,0.0,1.0,0.0,0.0,0.0,0.0,1.0,0.0,0.0,1.0,2.0,REF-178071
3.4084637086432417,0.30851063829787234,0.18060395825407127,1.6499779480804282,-1.6633174845469438,0.8974240297072132,1.0,0.0,0.0,0.0,0.0,0.0,1.0,0.0,2.0,0.0,REF-309863
0.24631956912028724,0.26595744680851063,0.38216487197348226,-0.7388379821624951,-0.22765227627624665,-1.3269627310220864,1.0,0.0,0.0,0.0,0.0,0.0,1.0,0.0,1.0,0.0,REF-887170
-0.7048986919723006,0.4361702127659574,0.11819609567684175,0.6517800942742676,1.8973543295995157,-2.281909265792887,0.0,0.0,0.0,1.0,0.0,1.0,0.0,0.0,0.0,1.0,REF-833827
0.23082841754295974,0.19148936170212766,0.26438846181382214,0.39251750967291604,0.0,-0.5242269107463696,0.0,0.0,0.0,1.0,0.0,0.0,0.0,1.0,1.0,2.0,REF-826901
-1.0248781738907413,0.22340425531914893,0.1806594253751399,1.3007011748186688,1.2874867464142596,-0.14512834107456174,0.0,0.0,1.0,0.0,0.0,0.0,1.0,0.0,0.0,0.0,REF-141904
0.0,0.22340425531914893,0.3178491202553886,-0.47959510231237246,-0.7499218738943003,-1.1358997819392207,1.0,0.0,0.0,0.0,0.0,1.0,0.0,0.0,1.0,1.0,REF-458023
-1.1431649140805336,0.21276595744680848,0.22564825281769174,-0.5632484328292366,-0.580705422757821,0.0,1.0,0.0,0.0,0.0,0.0,1.0,0.0,0.0,0.0,0.0,REF-695990
0.4615542446781226,0.28723404255319146,0.2558157431646837,-0.5373347096212132,-0.21769927117596802,0.5308440006055511,0.0,1.0,0.0,0.0,0.0,1.0,0.0,0.0,2.0,2.0,REF-223219
0.6567837907155681,0.23404255319148937,0.22770879321297954,-1.0914868053292501,-2.8570652011516215,0.48408137997936834,1.0,0.0,0.0,0.0,0.0,0.0,1.0,0.0,2.0,0.0,REF-714060
-0.7421390100025648,0.1595744680851064,0.14714616299489514,0.4472607564975921,-0.13181763152217954,-1.0641000497722612,1.0,0.0,0.0,0.0,0.0,1.0,0.0,0.0,0.0,0.0,REF-945306
-1.2089253654783279,0.22340425531914893,0.2192830367455425,-0.27164528265764165,-0.1208287967978513,1.4429723877992429,1.0,0.0,0.0,0.0,0.0,1.0,0.0,0.0,0.0,0.0,REF-414632
-0.13716337522441652,0.22340425531914893,0.2192830367455425,-0.26801766351355555,1.2762921194494874,0.0,1.0,0.0,0.0,0.0,0.0,1.0,0.0,0.0,1.0,1.0,REF-896261
0.5856886381123365,0.1595744680851064,0.2192830367455425,1.080913135571623e-15,0.3860498393892472,0.0,0.0,0.0,1.0,0.0,0.0,1.0,0.0,0.0,2.0,0.0,REF-485104
1.1342395486022057,0.14893617021276595,0.16657243571330138,-1.0553008802995376,-1.2622785050795495,-1.3596217508231005,0.0,1.0,0.0,0.0,0.0,1.0,0.0,0.0,1.0,1.0,REF-495793
-0.6769941010515517,0.19148936170212766,0.13213542419846735,-1.3257748788652817,-0.22138347961849908,0.6839371356547131,0.0,0.0,1.0,0.0,0.0,0.0,0.0,1.0,0.0,0.0,REF-523209
-0.6880738650936138,0.5425531914893618,0.34053927875278234,-0.6954086229839718,-2.6559511697577474,0.0,0.0,0.0,1.0,0.0,0.0,0.0,1.0,0.0,1.0,0.0,REF-567381
-0.4491408053347012,0.26595744680851063,0.17446481405069392,-0.028761888779305005,0.3197881124982956,1.977542001157796,1.0,0.0,0.0,0.0,0.0,1.0,0.0,0.0,0.0,2.0,REF-555949
0.4629905103872788,0.30851063829787234,0.1508028827241148,-0.011850506999383151,-0.6166557299572856,-1.7887505892289046,1.0,0.0,0.0,0.0,0.0,1.0,0.0,0.0,2.0,0.0,REF-929766
-0.8759169017696845,0.021276595744680826,0.2542972884453656,-1.233548347741712,-0.3369004822658313,-0.245256436014694,1.0,0.0,0.0,0.0,0.0,1.0,0.0,0.0,1.0,0.0,REF-928108
0.0,0.1382978723404255,0.1543429245490655,-0.636203067678013,0.994627331136137,0.17406989127454836,0.0,0.0,0.0,0.0,1.0,1.0,0.0,0.0,1.0,0.0,REF-632302
0.246524749935881,0.17021276595744678,0.14719504299394526,-0.08597889346997814,1.3022530286785647,1.5499750302889428,0.0,0.0,0.0,0.0,1.0,1.0,0.0,0.0,1.0,2.0,REF-452553
2.8322133880482174,0.4361702127659574,0.25357249094708134,0.3921145381546145,0.0,0.0,0.0,0.0,0.0,1.0,0.0,1.0,0.0,0.0,2.0,0.0,REF-716095
0.0,0.08510638297872339,0.2765106138070186,1.080913135571623e-15,0.8549117825142614,-0.11330653251015006,0.0,1.0,0.0,0.0,0.0,0.0,0.0,1.0,1.0,2.0,REF-553380
0.0,0.22340425531914893,0.06744826968988615,1.080913135571623e-15,-0.7521962004136755,-1.3892732803450258,0.0,0.0,0.0,1.0,0.0,0.0,1.0,0.0,1.0,0.0,REF-858372
-0.6070274429340856,0.38297872340425526,0.2192830367455425,0.8362866664900978,-0.5011822056136267,-0.5175454262107257,0.0,0.0,0.0,0.0,1.0,1.0,0.0,0.0,0.0,1.0,REF-413083
0.0,0.0,0.20973137264703023,0.9656294522073444,-0.1297290019554039,-0.6748831640220416,0.0,0.0,0.0,1.0,0.0,0.0,0.0,1.0,2.0,1.0,REF-758233
2.4069761477301874,0.30851063829787234,0.10366297353473186,1.598158207556247,-0.7151963267465296,1.7964250135680613,1.0,0.0,0.0,0.0,0.0,1.0,0.0,0.0,2.0,2.0,REF-867825
-0.02698127725057707,0.0,0.16690571154793243,0.20589936183318658,-0.2886590853952113,-0.15854402838249174,1.0,0.0,0.0,0.0,0.0,0.0,0.0,1.0,1.0,1.0,REF-839931
0.0,0.08510638297872339,0.12511102602727409,-0.009441816798939996,0.46355208037905,1.3220873944456262,0.0,1.0,0.0,0.0,0.0,1.0,0.0,0.0,1.0,1.0,REF-135062
-0.5308027699410105,0.1382978723404255,0.3576699298138841,-0.004740440837924274,0.6278459238329563,-3.3837054241778697,1.0,0.0,0.0,0.0,0.0,1.0,0.0,0.0,0.0,1.0,REF-494937
2.2938189279302383,0.22340425531914893,0.29252531177633223,0.13741077317693712,-0.39950652690850375,0.0,1.0,0.0,0.0,0.0,0.0,0.0,0.0,1.0,2.0,2.0,REF-938901
0.26365734803795843,0.1382978723404255,0.170042536731132,-1.8997072497787968,-2.393290176154032,0.0,0.0,0.0,1.0,0.0,0.0,1.0,0.0,0.0,1.0,0.0,REF-692934
0.32582713516286227,0.48936170212765956,0.05881190193061059,0.509492155633933,-0.19466357180146546,2.339387613023913,0.0,0.0,1.0,0.0,0.0,1.0,0.0,0.0,1.0,0.0,REF-280738
0.0,0.22340425531914893,0.23191352210423766,0.5595045583638766,0.0,0.2951394744576176,0.0,1.0,0.0,0.0,0.0,1.0,0.0,0.0,1.0,0.0,REF-482366
0.0,0.22340425531914893,0.08858847859011032,1.080913135571623e-15,0.8341273304597524,0.19578187499530542,0.0,0.0,0.0,0.0,1.0,0.0,1.0,0.0,1.0,0.0,REF-158694
-0.5394203641959476,0.30851063829787234,0.2192830367455425,0.20275408922918797,0.7031762786989363,0.0,0.0,1.0,0.0,0.0,0.0,1.0,0.0,0.0,0.0,1.0,REF-356957
0.4867914849961529,0.18085106382978722,0.2192830367455425,-0.8222528430508758,1.5101367523958835,0.0,0.0,0.0,0.0,1.0,0.0,1.0,0.0,0.0,2.0,0.0,REF-109678
0.0,0.22340425531914893,0.20420703149393837,-0.1729293599356715,-1.232338500994432,-0.893898131205463,1.0,0.0,0.0,0.0,0.0,0.0,0.0,1.0,0.0,1.0,REF-508752
-0.8138497050525776,0.22340425531914893,0.15835090464723134,0.7914523888218886,-1.1380784066777603,-0.3895987028869424,0.0,0.0,0.0,0.0,1.0,1.0,0.0,0.0,1.0,2.0,REF-969876
-1.023441908181585,0.07446808510638298,0.27975223567017693,0.4669436070500538,1.985785683680646,0.0,1.0,0.0,0.0,0.0,0.0,0.0,0.0,1.0,1.0,0.0,REF-464716
0.7342395486022056,0.24468085106382975,0.2577596548932073,0.9463973548750061,-2.3641533759498996,0.45835837085334796,1.0,0.0,0.0,0.0,0.0,1.0,0.0,0.0,2.0,0.0,REF-815085
0.3493203385483457,0.19148936170212766,0.26621952117822545,-0.47282188577741274,0.0,-1.5629961989403496,0.0,0.0,0.0,0.0,1.0,1.0,0.0,0.0,1.0,1.0,REF-411558
-0.1284431905616825,0.23404255319148937,0.16169744949525455,-1.1348934309477985,0.11786774140368216,-1.0155916006896544,0.0,0.0,0.0,1.0,0.0,0.0,0.0,1.0,1.0,0.0,
4.4476019492177485,0.08510638297872339,0.30448941565627763,0.036505800611154535,-0.21938550670936943,-0.37414635425704895,0.0,0.0,0.0,1.0,0.0,1.0,0.0,0.0,1.0,0.0,REF-444436
1.2775583482944344,0.18085106382978722,0.17442742137590717,-0.29039680798801476,0.7654321531853434,0.6491054142727676,1.0,0.0,0.0,0.0,0.0,1.0,0.0,0.0,2.0,0.0,REF-345239
0.0,0.1382978723404255,0.22380383724455122,-0.10595778687835926,0.7107078667171745,0.4316120510873116,0.0,0.0,0.0,1.0,0.0,0.0,0.0,1.0,1.0,0.0,REF-756638
-0.9321364452423698,0.19148936170212766,0.22806535410650142,0.7878805714096154,-0.17003183782653328,0.134171261630401,0.0,0.0,0.0,1.0,0.0,1.0,0.0,0.0,0.0,1.0,REF-125905
5.212721210566812,0.1382978723404255,0.2228609946613771,0.3771968488149726,-1.3937193740563443,0.0,1.0,0.0,0.0,0.0,0.0,1.0,0.0,0.0,2.0,0.0,REF-825026
0.0,0.32978723404255317,0.02841868544777082,-0.790881134222053,0.0,0.7127577981407187,0.0,0.0,0.0,1.0,0.0,1.0,0.0,0.0,2.0,0.0,REF-540038
0.0,0.22340425531914893,0.2521792707543007,-0.627287232131065,0.38687586205551616,0.04449848161687466,1.0,0.0,0.0,0.0,0.0,0.0,0.0,1.0,2.0,1.0,REF-890779
0.0,0.22340425531914893,0.11057434379939313,-0.08245460066827624,-1.1271110886682265,0.0,0.0,0.0,0.0,1.0,0.0,0.0,1.0,0.0,0.0,1.0,REF-244888
4.455356782764811,0.28723404255319146,0.2192830367455425,0.7239042452814677,-0.865097213245885,0.0,0.0,0.0,0.0,1.0,0.0,0.0,1.0,0.0,2.0,2.0,REF-492621
-0.09571685047448064,0.9893617021276595,0.1475029786389923,1.080913135571623e-15,0.7934628879132487,-1.0694737160027343,0.0,0.0,1.0,0.0,0.0,1.0,0.0,0.0,1.0,2.0,REF-402945
0.1577840471915876,0.40425531914893614,0.15167391775645722,1.080913135571623e-15,-0.37284225005301774,0.0,0.0,0.0,1.0,0.0,0.0,1.0,0.0,0.0,1.0,2.0,REF-313559
0.4382662221082329,0.0,0.2192830367455425,0.8322022327052695,-1.4969863565057886,0.0,0.0,0.0,1.0,0.0,0.0,0.0,1.0,0.0,1.0,1.0,REF-167498
0.0,0.4361702127659574,0.2942833669044287,-1.82649275956906,0.2808523204313038,-0.7300597404283128,0.0,0.0,0.0,0.0,1.0,0.0,1.0,0.0,1.0,0.0,REF-876328
0.052218517568607334,0.22340425531914893,0.268370716385399,2.276603673079028,-0.5500580471795511,0.0,0.0,0.0,0.0,1.0,0.0,1.0,0.0,0.0,1.0,0.0,REF-210673
1.8180046165683508,0.276595744680851,0.13521740308132735,1.8541315606237596,-0.05223931509521281,-2.5476744920063115,0.0,0.0,0.0,1.0,0.0,0.0,1.0,0.0,2.0,0.0,REF-369433
-0.04729417799435753,0.351063829787234,0.2192830367455425,-1.5058137003279617,0.6177747992383457,2.0953539541420394,0.0,1.0,0.0,0.0,0.0,0.0,0.0,1.0,1.0,1.0,REF-878272
3.509310079507566,0.2553191489361702,0.21650370903886085,1.080913135571623e-15,-0.5797262114987777,0.0,0.0,0.0,1.0,0.0,0.0,1.0,0.0,0.0,2.0,1.0,REF-323568
0.3563990766863298,0.22340425531914893,0.21087157414021984,-1.5739992209957978,-1.5334327742619178,1.4735180772115508,0.0,0.0,0.0,0.0,1.0,0.0,1.0,0.0,1.0,2.0,
0.0,0.10638297872340424,0.2192830367455425,-1.198458708480779,0.25072138941046673,-1.9548836312223365,1.0,0.0,0.0,0.0,0.0,1.0,0.0,0.0,1.0,0.0,REF-822380
0.1170556552962298,0.9680851063829787,0.2192830367455425,0.765426080183365,-0.2785316245508682,-0.23083175289392577,1.0,0.0,0.0,0.0,0.0,0.0,1.0,0.0,1.0,0.0,REF-318850
-0.45816876122082584,0.22340425531914893,0.2879829163493497,0.3980183055505417,-0.6060569412978803,0.0,0.0,1.0,0.0,0.0,0.0,1.0,0.0,0.0,1.0,1.0,REF-865149
-0.7053090536034881,0.28723404255319146,0.20441490796342432,0.17716052449268266,1.317338947546215,0.0,0.0,0.0,1.0,0.0,0.0,0.0,1.0,0.0,1.0,1.0,REF-507016
-0.2023082841754296,0.22340425531914893,0.1998585483515436,-2.350604483596793,-1.3360751619696607,-1.1446809356467673,1.0,0.0,0.0,0.0,0.0,1.0,0.0,0.0,1.0,2.0,REF-199809
2.5305975891254167,0.22340425531914893,0.3013392385458644,-0.07117411510833495,0.032960072175230205,0.0,0.0,1.0,0.0,0.0,0.0,0.0,1.0,0.0,2.0,2.0,REF-763435
0.5359322903308541,0.22340425531914893,0.1677534593806227,1.8394609831338433,-0.06688489542538606,1.7485106336133742,1.0,0.0,0.0,0.0,0.0,0.0,1.0,0.0,1.0,0.0,REF-219146
-0.909771736342652,0.17021276595744678,0.2648319397502821,-1.3681724700087037,0.5367288540621336,0.0,0.0,0.0,1.0,0.0,0.0,1.0,0.0,0.0,0.0,0.0,REF-467664
1.7531674788407283,0.19148936170212766,0.1466076010117563,1.7190676716041327,-0.9485611901208723,-0.9132256511846074,1.0,0.0,0.0,0.0,0.0,1.0,0.0,0.0,1.0,2.0,REF-918370
-0.7000769428058476,0.22340425531914893,0.2689179163397277,-1.9336763408547275,-1.1230803124644457,2.7215991987495127,0.0,0.0,0.0,0.0,1.0,0.0,1.0,0.0,0.0,0.0,REF-593573
1.4880738650936138,0.19148936170212766,0.028875605223412926,-1.1066782162235873,1.0051575874855823,-1.2739315660636503,1.0,0.0,0.0,0.0,0.0,1.0,0.0,0.0,2.0,0.0,REF-596214
-0.4481149012567325,0.276595744680851,0.18757631452201373,0.7124793603898124,0.1063894800845228,1.1783367238120523,1.0,0.0,0.0,0.0,0.0,1.0,0.0,0.0,0.0,1.0,REF-375832
-0.8862785329571685,0.3617021276595745,0.2192830367455425,1.2413511753041206,2.7725957485466575,1.2896870894004344,0.0,0.0,0.0,0.0,1.0,1.0,0.0,0.0,0.0,2.0,REF-213617
-0.0011284944857655808,0.17021276595744678,0.13433410790995026,-2.0240980480496824,2.284938016472284,0.0,1.0,0.0,0.0,0.0,0.0,0.0,1.0,0.0,1.0,0.0,
0.6984354962810977,0.26595744680851063,0.1015826418027288,-0.08837603510105861,-1.059229564390462,-1.0714571413298386,1.0,0.0,0.0,0.0,0.0,1.0,0.0,0.0,2.0,1.0,REF-517333
-0.966196460630931,0.26595744680851063,0.15473237609670054,0.007366592329221805,-0.4508748677544619,0.0,0.0,0.0,1.0,0.0,0.0,1.0,0.0,0.0,0.0,1.0,REF-114324
1.4591433700948961,0.14893617021276595,0.2192830367455425,-1.291858702188667,0.26064567300592273,0.0,1.0,0.0,0.0,0.0,0.0,0.0,1.0,0.0,2.0,2.0,REF-189103
0.0,0.38297872340425526,0.1984322170062507,-0.16285320160126526,-0.7612533593178286,-0.42403803574165333,0.0,0.0,1.0,0.0,0.0,1.0,0.0,0.0,0.0,1.0,REF-516741
-1.4007694280584766,0.22340425531914893,0.24827690510684786,0.2208156622715797,-0.4416726798992488,0.0,1.0,0.0,0.0,0.0,0.0,1.0,0.0,0.0,0.0,1.0,REF-357332
0.8679148499615286,0.2553191489361702,0.19231205065035795,1.080913135571623e-15,-0.046289569109095215,0.2312135242481501,1.0,0.0,0.0,0.0,0.0,1.0,0.0,0.0,2.0,2.0,REF-379001
-0.7826622210823289,0.12765957446808507,0.24979414601460093,0.24680684676889178,0.3813896640133011,-1.5683078329863671,0.0,0.0,1.0,0.0,0.0,1.0,0.0,0.0,0.0,1.0,REF-398991
-0.18999743523980508,0.22340425531914893,0.3231260857552476,-1.9003340405274742,0.4106266042884572,1.3207825164371179,0.0,0.0,0.0,1.0,0.0,0.0,1.0,0.0,1.0,0.0,REF-365711
0.44996152859707617,0.23404255319148937,0.1908775886942653,1.080913135571623e-15,1.4793545257175258,0.06306829712119433,0.0,0.0,1.0,0.0,0.0,1.0,0.0,0.0,2.0,0.0,REF-492091
0.5412669915362913,0.26595744680851063,0.2192830367455425,-0.1807661797044464,1.1279176935842095,0.6089200662783791,1.0,0.0,0.0,0.0,0.0,1.0,0.0,0.0,2.0,0.0,REF-797881
-0.43375224416517055,0.0,0.25709059853341554,1.080913135571623e-15,-1.0318381245704233,1.1810496742667729,0.0,1.0,0.0,0.0,0.0,1.0,0.0,0.0,1.0,1.0,REF-635231
-1.211182354449859,0.4680851063829787,0.3659281406812829,1.080913135571623e-15,-1.2602744775426578,0.0,0.0,0.0,1.0,0.0,0.0,0.0,1.0,0.0,0.0,0.0,REF-332452
0.0,0.21276595744680848,0.2192830367455425,1.316329700926894,0.0,-0.3082167528994912,0.0,0.0,1.0,0.0,0.0,0.0,1.0,0.0,1.0,0.0,REF-115939
-0.4377532700692485,0.0957446808510638,0.13636615477450054,0.018928179027599457,0.4912474885542408,0.013907493585675532,1.0,0.0,0.0,0.0,0.0,1.0,0.0,0.0,1.0,1.0,REF-352476
0.0,0.2553191489361702,0.08262817143138967,-1.0648523382120285,-0.5005835678567095,2.0307447730396473,0.0,0.0,1.0,0.0,0.0,1.0,0.0,0.0,2.0,0.0,REF-260902
-0.5801487560913055,0.8297872340425532,0.2911476998730045,-1.5166578655271383,0.35776612321633533,-0.09867983723343537,0.0,0.0,1.0,0.0,0.0,1.0,0.0,0.0,0.0,1.0,REF-512005
0.0,0.22340425531914893,0.23013528602089917,-2.1500669408675606,0.4806277582611726,-0.12279921425969804,0.0,0.0,1.0,0.0,0.0,1.0,0.0,0.0,1.0,2.0,REF-565754
0.0,0.3404255319148936,0.22548113215873933,2.560585716731608,-0.00838182679499341,0.5122270624533917,1.0,0.0,0.0,0.0,0.0,1.0,0.0,0.0,2.0,0.0,REF-801223
-1.0220056424724289,0.10638297872340424,0.1637766744537501,-0.9373886750339399,0.9288052266438909,1.7025601381256763,0.0,1.0,0.0,0.0,0.0,1.0,0.0,0.0,1.0,0.0,REF-472588
0.9330597589125417,0.425531914893617,0.2192830367455425,0.11299532072537084,-1.0671899025188474,0.32478985446130065,1.0,0.0,0.0,0.0,0.0,0.0,1.0,0.0,1.0,0.0,REF-469026
1.0644780713003335,0.22340425531914893,0.23187329934322687,1.080913135571623e-15,0.785587846252342,2.8821294213757938,0.0,1.0,0.0,0.0,0.0,1.0,0.0,0.0,2.0,2.0,REF-509321
0.30756604257501924,0.0,0.08845153410015083,-0.46860091600211273,-0.3732328277967222,-0.9127446576012043,0.0,1.0,0.0,0.0,0.0,1.0,0.0,0.0,1.0,2.0,REF-267837
-0.817542959733265,0.22340425531914893,0.11123512611738828,-1.2883482679744507,-0.5564342103995238,0.648681073888455,0.0,1.0,0.0,0.0,0.0,0.0,1.0,0.0,0.0,0.0,REF-126464
-0.1199281867145422,0.04255319148936168,0.14031172954475046,0.6169869413136285,-2.006276069165145,-1.8779879127317043,0.0,0.0,1.0,0.0,0.0,1.0,0.0,0.0,1.0,1.0,REF-494565
2.974814054885868,0.22340425531914893,0.2192830367455425,-0.2628719159761599,0.849772239037993,-1.0526817131124304,0.0,0.0,0.0,0.0,1.0,0.0,1.0,0.0,2.0,0.0,REF-887406
0.20600153885611697,0.1595744680851064,0.2192830367455425,-1.0931260670568002,-1.0175752770092714,1.0120548125560556,1.0,0.0,0.0,0.0,0.0,1.0,0.0,0.0,1.0,0.0,REF-273002
0.0,0.276595744680851,0.28826240770116396,-0.9517567040423179,1.7281111100639452,0.0,1.0,0.0,0.0,0.0,0.0,1.0,0.0,0.0,0.0,0.0,REF-428627
1.3477301872274943,0.07446808510638298,0.26614257580066525,-0.007816733121373898,-0.08353793207806949,0.31712039034634903,1.0,0.0,0.0,0.0,0.0,1.0,0.0,0.0,2.0,1.0,REF-498859
0.0,0.22340425531914893,0.12625830059526244,-1.5558979265947008,-1.834137392085625,-1.5801722074248508,1.0,0.0,0.0,0.0,0.0,1.0,0.0,0.0,1.0,0.0,REF-798152
-1.302590407796871,0.22340425531914893,0.1264089759271565,-0.26481963167774064,-0.5190650261399573,-0.6509247604004372,1.0,0.0,0.0,0.0,0.0,1.0,0.0,0.0,0.0,2.0,REF-524460
-0.4780713003334188,0.32978723404255317,0.25276655003864335,1.237241580804946,2.257387951915187,-0.3148135948918525,1.0,0.0,0.0,0.0,0.0,1.0,0.0,0.0,0.0,2.0,REF-152070
0.0,0.22340425531914893,0.0633937858375333,-0.47824364511137646,0.3781941334750694,-0.8170464563638064,1.0,0.0,0.0,0.0,0.0,0.0,1.0,0.0,1.0,0.0,REF-486167
2.491408053347012,0.2978723404255319,0.13333747014015618,0.11037335888141486,0.0,-1.2821952085582564,0.0,1.0,0.0,0.0,0.0,0.0,0.0,1.0,2.0,0.0,REF-136528
0.02390356501667094,0.30851063829787234,0.2192830367455425,0.731724976310261,0.45170418294984915,1.4874041863351093,1.0,0.0,0.0,0.0,0.0,0.0,0.0,1.0,1.0,1.0,REF-812375
1.475865606565786,0.41489361702127653,0.18539773255761016,0.8532817124561767,-0.1689307093675716,-0.24411312517026681,1.0,0.0,0.0,0.0,0.0,0.0,1.0,0.0,2.0,0.0,REF-683199
0.0,0.24468085106382975,0.2511075522098949,-0.9996962332695697,-1.3475103790086411,-1.2840677718759728,0.0,0.0,0.0,1.0,0.0,1.0,0.0,0.0,1.0,2.0,REF-946548
-0.5744036932546807,0.17021276595744678,0.21031102439943883,0.195405983952994,0.03228849676987522,0.5495377113760979,1.0,0.0,0.0,0.0,0.0,1.0,0.0,0.0,0.0,1.0,REF-694105
0.0,0.26595744680851063,0.043175243111312156,-0.5909947998252207,0.4844999639808291,0.0,1.0,0.0,0.0,0.0,0.0,0.0,0.0,1.0,0.0,1.0,REF-115143
2.468325211592716,0.22340425531914893,0.23127349446547107,1.257284343894507,-0.4659622840031725,0.0,0.0,0.0,1.0,0.0,0.0,1.0,0.0,0.0,2.0,2.0,REF-346806
0.8267760964349833,0.3617021276595745,0.25068832695636,-0.5233085883955784,1.4667528705340787,0.0,0.0,0.0,0.0,1.0,0.0,1.0,0.0,0.0,2.0,1.0,REF-100833
0.22344190818158502,0.22340425531914893,0.2819002090318383,-0.0953177308339558,0.7538832762434486,0.0,0.0,0.0,1.0,0.0,0.0,1.0,0.0,0.0,1.0,1.0,REF-348098
0.5363426519620416,0.04255319148936168,0.1767903678302254,0.40711754756103585,0.527195419475066,0.0,1.0,0.0,0.0,0.0,0.0,0.0,1.0,0.0,2.0,1.0,REF-240407
0.025032059502436522,0.22340425531914893,0.14216076273966394,-0.3467359236446647,0.760908619256403,-1.4192357745019824,1.0,0.0,0.0,0.0,0.0,0.0,0.0,1.0,1.0,0.0,REF-784326
-0.020928443190561682,0.10638297872340424,0.23819505903466798,-0.334839922080409,0.0,-0.6339419536320616,0.0,0.0,1.0,0.0,0.0,1.0,0.0,0.0,1.0,2.0,REF-926424
0.0,0.22340425531914893,0.25231299339874713,-2.3304017458574107,-0.0707429736802633,-2.0990112003873174,0.0,0.0,0.0,1.0,0.0,1.0,0.0,0.0,0.0,1.0,REF-274413
0.6747371120800205,0.1595744680851064,0.22147243918711546,1.3513222737891852,-0.2345679415518571,1.5281503823801972,1.0,0.0,0.0,0.0,0.0,0.0,0.0,1.0,2.0,2.0,REF-200228
0.7980507822518594,0.22340425531914893,0.2542945589749168,0.459532647527055,1.5100669722683768,-0.8874412900849267,0.0,0.0,1.0,0.0,0.0,1.0,0.0,0.0,2.0,0.0,REF-406270
4.92711787945627,0.23404255319148937,0.2192830367455425,1.080913135571623e-15,0.23461338861299158,0.0,1.0,0.0,0.0,0.0,0.0,1.0,0.0,0.0,2.0,0.0,REF-320082
-0.4322133880482175,0.22340425531914893,0.2192830367455425,0.7169173288711214,0.295505344264426,1.5155183311586273,1.0,0.0,0.0,0.0,0.0,0.0,1.0,0.0,1.0,0.0,REF-104691
0.294229289561426,0.23404255319148937,0.13723578546753679,-1.528717924015586,0.0,-0.1792396764739287,1.0,0.0,0.0,0.0,0.0,0.0,1.0,0.0,1.0,0.0,REF-411765
1.1688125160297511,0.0,0.21996083704419878,-1.1842646404947068,1.9177044000890227,-1.4213791567176137,1.0,0.0,0.0,0.0,0.0,1.0,0.0,0.0,2.0,0.0,REF-516208
-1.4412926391382406,0.22340425531914893,0.16183825591830558,1.007441149126419,0.1448258196139348,-1.220243861835889,0.0,0.0,1.0,0.0,0.0,1.0,0.0,0.0,0.0,1.0,REF-490599
-1.1030520646319568,0.28723404255319146,0.26621555648859996,1.6601935921090547,-2.7705779034108744,-0.7604444944365645,0.0,0.0,1.0,0.0,0.0,1.0,0.0,0.0,0.0,1.0,REF-833296
6.644370351372147,0.0,0.26180626074457525,1.5012891310122207,0.9693388436582302,0.0,1.0,0.0,0.0,0.0,0.0,1.0,0.0,0.0,2.0,2.0,REF-755733
0.0,0.22340425531914893,0.2192830367455425,-0.13786901766783052,-1.7980905797619098,-2.669503615093335,0.0,0.0,1.0,0.0,0.0,0.0,1.0,0.0,0.0,0.0,REF-285280
-0.053039240830982305,0.22340425531914893,0.2245631288270431,-0.9461055143473601,0.8638986296121233,0.0,0.0,0.0,1.0,0.0,0.0,0.0,1.0,0.0,1.0,0.0,REF-220500
0.5279302385226982,0.19148936170212766,0.05833280815110875,1.7030536539007122,-0.18366414690384378,0.5321208778696869,1.0,0.0,0.0,0.0,0.0,1.0,0.0,0.0,2.0,0.0,REF-534283
3.5495255193639395,0.18085106382978722,0.0,1.080913135571623e-15,0.6291203795748961,0.0,0.0,0.0,0.0,0.0,1.0,0.0,1.0,0.0,2.0,0.0,REF-708807
1.262785329571685,0.38297872340425526,0.2192830367455425,-0.536213770474961,-0.6783681744754215,-0.22381741252583542,1.0,0.0,0.0,0.0,0.0,0.0,1.0,0.0,2.0,0.0,REF-455356
0.0,0.22340425531914893,0.32473290681279465,-1.341761875365608,-0.21875515268551193,-1.0692036039160355,1.0,0.0,0.0,0.0,0.0,0.0,0.0,1.0,1.0,1.0,REF-959843
-0.3134136958194409,0.32978723404255317,0.08547259433235688,1.2070344755610776,0.0,-0.625059347814463,1.0,0.0,0.0,0.0,0.0,1.0,0.0,0.0,1.0,0.0,REF-642397
0.1033085406514491,0.19148936170212766,0.2192830367455425,-1.1617484762722747,-1.3288250164871511,-0.15279723138040677,1.0,0.0,0.0,0.0,0.0,1.0,0.0,0.0,1.0,0.0,REF-708706
3.330700179533214,0.22340425531914893,0.240464839564285,-1.6200919892351056,0.19498024014500617,-1.690237005011175,0.0,0.0,1.0,0.0,0.0,1.0,0.0,0.0,2.0,1.0,REF-924370
0.045447550654013846,0.22340425531914893,0.2057364747401742,1.0682496539224675,0.6685624709001085,0.0,0.0,0.0,0.0,1.0,0.0,1.0,0.0,0.0,1.0,1.0,REF-857452
-0.755475763016158,0.20212765957446804,0.3360486362262982,1.080913135571623e-15,1.4492096950942404,-1.251401842615305,1.0,0.0,0.0,0.0,0.0,1.0,0.0,0.0,0.0,0.0,REF-345645
-0.3940497563477815,0.22340425531914893,0.1245291436017597,1.0743292017556996,-1.4499852902797623,-0.5005132148582959,1.0,0.0,0.0,0.0,0.0,1.0,0.0,0.0,1.0,2.0,REF-602196
0.29525519363939473,0.2553191489361702,0.285633396748886,1.7200103742549584,2.676439134312956,0.022307895500662856,0.0,0.0,1.0,0.0,0.0,1.0,0.0,0.0,1.0,2.0,REF-297734
0.0,0.21276595744680848,0.22792062366828514,-1.956058245637309,0.8149582596029888,-1.1648965914706926,0.0,0.0,0.0,1.0,0.0,1.0,0.0,0.0,0.0,1.0,REF-738470
-0.4027699410105155,0.22340425531914893,0.9661408419982189,-0.8314647024381195,0.6642553627872555,-0.18586658264341144,1.0,0.0,0.0,0.0,0.0,1.0,0.0,0.0,1.0,1.0,REF-455608
-0.9545011541420877,0.18085106382978722,0.28162033234302,1.1128015138103664,2.2749231413227053,0.24100155333488224,0.0,0.0,0.0,1.0,0.0,1.0,0.0,0.0,1.0,0.0,REF-682061
-0.4642215952808412,0.22340425531914893,0.1324958042098574,-0.10618397165248265,-0.8098072748064687,1.170766118265993,0.0,0.0,0.0,1.0,0.0,0.0,1.0,0.0,0.0,0.0,REF-406327
0.4527314696075917,0.41489361702127653,0.2192830367455425,1.080913135571623e-15,-0.18287999665431712,-0.9773623584388053,0.0,0.0,0.0,0.0,1.0,1.0,0.0,0.0,2.0,0.0,REF-982643
-1.2265709156193896,0.2553191489361702,0.07893142375042306,0.14795715901332132,0.0,-2.123937951526667,1.0,0.0,0.0,0.0,0.0,0.0,0.0,1.0,0.0,2.0,REF-530643
0.390459092074891,0.276595744680851,0.2924333403963466,1.4468164065534919,0.0075266751027237115,0.0,1.0,0.0,0.0,0.0,0.0,1.0,0.0,0.0,1.0,2.0,REF-809903
-0.35547576301615796,0.24468085106382975,0.21969609981814298,-0.7871194602462411,-0.0916534878590712,-0.8292703231574599,1.0,0.0,0.0,0.0,0.0,0.0,0.0,1.0,1.0,0.0,REF-778178
-1.2437035137214671,0.23404255319148937,0.26488180449945453,-0.6636793253274224,-0.9361938425215341,0.6357825310876446,0.0,0.0,0.0,1.0,0.0,0.0,0.0,1.0,0.0,1.0,REF-353121
-0.8109771736342652,0.26595744680851063,0.21830603510728075,1.080913135571623e-15,0.740880800361801,1.2010041224953147,1.0,0.0,0.0,0.0,0.0,0.0,1.0,0.0,1.0,1.0,REF-325358
0.0,0.0957446808510638,0.17399221962200428,0.3996819148843138,-1.2269782674212322,-0.6311935543147656,0.0,1.0,0.0,0.0,0.0,1.0,0.0,0.0,1.0,2.0,
1.146858168761221,0.06382978723404253,0.07876305930925032,1.080913135571623e-15,-1.8599187023922148,-1.0732681294203499,0.0,0.0,1.0,0.0,0.0,1.0,0.0,0.0,2.0,2.0,REF-626023
0.0,0.26595744680851063,0.23734195715837458,1.1389718810206044,0.39648003162178247,0.5104235234310964,1.0,0.0,0.0,0.0,0.0,0.0,1.0,0.0,2.0,1.0,REF-103960
-0.429443447037702,0.18085106382978722,0.41435266496942535,0.37965859336973234,0.4868193855413984,1.6744351707304028,0.0,0.0,0.0,1.0,0.0,0.0,0.0,1.0,1.0,0.0,REF-930813
-0.035804052321107976,0.14893617021276595,0.26410327389662136,1.823094418785815,-0.3522645016882981,2.5358875914928296,1.0,0.0,0.0,0.0,0.0,0.0,1.0,0.0,1.0,2.0,REF-387497
1.5852269812772506,0.1595744680851064,0.1246042885992038,1.3463199945785045,-0.8505207186056264,-2.1466139582965393,1.0,0.0,0.0,0.0,0.0,1.0,0.0,0.0,2.0,2.0,REF-739128
0.005129520389843549,0.17021276595744678,0.2192830367455425,-1.3026611349366406,0.20380283105095578,0.0,1.0,0.0,0.0,0.0,0.0,0.0,1.0,0.0,1.0,2.0,REF-120934
2.086791484996153,0.26595744680851063,0.2192830367455425,0.9571081962030812,-0.7029795310472323,0.0,1.0,0.0,0.0,0.0,0.0,1.0,0.0,0.0,2.0,0.0,REF-710229
-1.5087971274685816,0.38297872340425526,0.2192830367455425,0.8501131936309535,-0.07733318643768725,-0.047889334134464875,1.0,0.0,0.0,0.0,0.0,1.0,0.0,0.0,0.0,2.0,REF-223148
-0.08956142600666837,0.19148936170212766,0.729830898687438,0.10354586718901601,0.08148045934883243,0.8397112569513215,1.0,0.0,0.0,0.0,0.0,0.0,1.0,0.0,1.0,1.0,REF-245350
0.0,0.30851063829787234,0.42109625307994225,-0.2433513394428926,2.41705167612022,1.5581948590382224,0.0,0.0,1.0,0.0,0.0,1.0,0.0,0.0,2.0,0.0,REF-280599
0.009643498332905873,0.38297872340425526,0.09900242093753331,-2.5163594026972502,1.2606247827071102,1.2216293364689574,1.0,0.0,0.0,0.0,0.0,0.0,1.0,0.0,1.0,1.0,REF-743096
-1.208617594254937,0.14893617021276595,0.2386386911059306,0.5452224031572772,-0.2089246181651096,-0.7070773414459738,0.0,0.0,0.0,1.0,0.0,0.0,1.0,0.0,1.0,0.0,REF-732738
-0.9157219799948705,0.23404255319148937,0.30373046231404377,0.18809673824738182,-2.683605443356144,2.0724375888076576,0.0,0.0,0.0,1.0,0.0,0.0,1.0,0.0,0.0,2.0,REF-763801
0.0,0.22340425531914893,0.045455558326485956,-2.2120046794254775,-0.543578521264094,0.20553835408133597,0.0,0.0,1.0,0.0,0.0,0.0,1.0,0.0,0.0,2.0,REF-712931
-0.4402154398563734,0.24468085106382975,0.1909789130596602,1.080913135571623e-15,-0.19938313244219844,-0.2572173623854622,0.0,0.0,1.0,0.0,0.0,1.0,0.0,0.0,0.0,0.0,REF-362765
-1.4453962554501154,1.0,0.2262285703468141,0.08732932851582052,1.1328545480880219,0.0,0.0,0.0,1.0,0.0,0.0,0.0,1.0,0.0,0.0,2.0,REF-494064
-0.7137214670428315,0.28723404255319146,0.21886997367294114,1.080913135571623e-15,0.08971755255919477,-0.22165697373951468,0.0,0.0,0.0,1.0,0.0,1.0,0.0,0.0,0.0,1.0,REF-883084
7.916835565016671,0.11702127659574468,0.30955642600758804,0.437394963458577,-0.630031639654561,0.9964625865562965,0.0,0.0,0.0,1.0,0.0,0.0,1.0,0.0,2.0,1.0,REF-139860
0.2807899461400359,0.24468085106382975,0.8253610328900178,-0.03928732624258642,0.8055461996864685,0.8175340479974067,1.0,0.0,0.0,0.0,0.0,1.0,0.0,0.0,1.0,2.0,REF-360097
0.03200820723262375,0.17021276595744678,0.20066520213343964,-0.5132726154011275,1.5104810415337808,0.9817017377505558,0.0,1.0,0.0,0.0,0.0,0.0,0.0,1.0,1.0,2.0,REF-674505
-1.2828930494998718,0.24468085106382975,0.1972772956394797,-0.7077957677164306,1.1238129814779485,0.08865867084228146,0.0,1.0,0.0,0.0,0.0,0.0,1.0,0.0,0.0,1.0,REF-766130
1.835342395486022,0.22340425531914893,0.24754310784874,-1.7458140394645083,-0.07350410095231978,0.0,0.0,1.0,0.0,0.0,0.0,1.0,0.0,0.0,2.0,0.0,REF-113832
1.3660938702231342,0.351063829787234,0.06895431655765183,1.080913135571623e-15,1.7727106157828578,-0.26407560767631294,0.0,0.0,1.0,0.0,0.0,0.0,1.0,0.0,1.0,2.0,REF-721715
-0.18445755321877405,0.22340425531914893,0.30044735464080485,-0.5955507131007732,-0.8114045789256217,-1.8150642293782833,0.0,0.0,1.0,0.0,0.0,0.0,0.0,1.0,1.0,0.0,REF-460190
0.0,0.23404255319148937,0.24278376126581236,-0.9743003640978442,-0.01914399274873516,1.0937110727468298,0.0,1.0,0.0,0.0,0.0,1.0,0.0,0.0,1.0,0.0,REF-573054
0.9546037445498846,0.23404255319148937,0.1860427481698288,-0.1867914059821131,-1.042355425318529,0.0,1.0,0.0,0.0,0.0,0.0,1.0,0.0,0.0,2.0,2.0,REF-677406
-1.1454219030520647,0.0,0.03263622465367533,1.080913135571623e-15,0.05661797678245972,0.0,1.0,0.0,0.0,0.0,0.0,0.0,0.0,1.0,0.0,0.0,REF-733628
3.1430623236727366,0.1595744680851064,0.18454599648692138,0.28971768027924294,-0.08488685540126768,-1.2980581423041662,1.0,0.0,0.0,0.0,0.0,0.0,1.0,0.0,2.0,1.0,REF-530248
0.8430879712746858,0.22340425531914893,0.22777436686737929,0.18578564612245427,0.5821651028276557,-0.31165006558641223,0.0,0.0,1.0,0.0,0.0,0.0,1.0,0.0,2.0,1.0,REF-644658
-0.2018979225442421,0.19148936170212766,0.19404534359437875,-0.5301685732273157,-0.029586283386207952,0.40313486370228213,0.0,0.0,0.0,0.0,1.0,0.0,0.0,1.0,1.0,1.0,REF-926555
0.9974865350089767,0.24468085106382975,0.26522145980227485,1.080913135571623e-15,-0.369506095902207,1.2225068378449677,1.0,0.0,0.0,0.0,0.0,1.0,0.0,0.0,2.0,1.0,REF-893875
-0.1513208515003847,0.2553191489361702,0.20431376556272607,-0.12258729624609449,0.35146013074501364,2.119898177910651,0.0,0.0,0.0,1.0,0.0,0.0,1.0,0.0,1.0,2.0,REF-954614
0.0,0.2553191489361702,0.2192830367455425,0.39815596346288873,0.7114397930895954,-0.06901560030984166,0.0,0.0,0.0,1.0,0.0,1.0,0.0,0.0,2.0,0.0,REF-964053
-1.1279815337265966,0.9042553191489362,0.2192830367455425,-1.2510783001959451,-0.48927379445854946,0.0,0.0,1.0,0.0,0.0,0.0,0.0,1.0,0.0,0.0,0.0,REF-771349
-0.7600923313670171,0.22340425531914893,0.2192830367455425,-0.6852359801290474,-0.37977511350964477,0.0,1.0,0.0,0.0,0.0,0.0,1.0,0.0,0.0,0.0,1.0,REF-912807
0.4432931520902796,0.3191489361702127,0.2565955025644113,-0.3125562231127191,-1.3644213124224172,1.686550350099179,1.0,0.0,0.0,0.0,0.0,0.0,1.0,0.0,1.0,0.0,REF-485407
-0.4626827391638882,0.26595744680851063,0.19988256126922188,-1.420725739027069,1.7077470097649394,0.3912748992337848,1.0,0.0,0.0,0.0,0.0,0.0,1.0,0.0,0.0,2.0,REF-796870
0.0,0.22340425531914893,0.6982949888654426,-0.6881605596714169,1.4720058134991636,0.0,1.0,0.0,0.0,0.0,0.0,1.0,0.0,0.0,0.0,0.0,REF-621113
0.0,0.22340425531914893,0.1937834856920535,0.18064442202192832,0.34843275175957367,-1.554961481578802,0.0,0.0,1.0,0.0,0.0,1.0,0.0,0.0,1.0,0.0,REF-740147
0.0,0.26595744680851063,0.1663889981729607,-0.36327060133000655,0.6320609213094529,0.8919341975331788,0.0,1.0,0.0,0.0,0.0,0.0,0.0,1.0,1.0,0.0,REF-448750
1.7204411387535266,0.22340425531914893,0.21394215347002277,1.2610879587327726,-0.01414143793827007,1.465463324032033,0.0,0.0,1.0,0.0,0.0,1.0,0.0,0.0,2.0,2.0,REF-795773
-0.5588099512695563,0.22340425531914893,0.32505822115675453,0.6887234200137613,2.2067038491100663,-0.9721090011676451,0.0,0.0,1.0,0.0,0.0,0.0,1.0,0.0,1.0,0.0,REF-597145
0.03447037701974865,0.26595744680851063,0.2192830367455425,-0.4541985394506466,-1.101072576038133,0.7675427564819821,1.0,0.0,0.0,0.0,0.0,0.0,1.0,0.0,1.0,2.0,REF-845923
0.9535778404719158,0.0,0.2256497748988604,1.080913135571623e-15,0.0,0.0,0.0,1.0,0.0,0.0,0.0,0.0,1.0,0.0,2.0,0.0,REF-407765
0.3720954090792511,0.14893617021276595,0.23388137824608357,-1.0371746541322184,-0.012869401877319704,0.7172266301114061,1.0,0.0,0.0,0.0,0.0,1.0,0.0,0.0,1.0,1.0,REF-314077
0.0,0.03191489361702127,0.27040871242514974,1.182823676871782,0.0,0.18418771049507357,1.0,0.0,0.0,0.0,0.0,0.0,0.0,1.0,1.0,2.0,REF-784063
0.0,0.2553191489361702,0.199483026736627,-0.691138745021226,0.7886296456684251,0.0,1.0,0.0,0.0,0.0,0.0,1.0,0.0,0.0,1.0,0.0,
0.0,0.22340425531914893,0.2803950313130956,1.080913135571623e-15,-0.44835717341050785,-1.454899274934322,0.0,0.0,1.0,0.0,0.0,1.0,0.0,0.0,1.0,0.0,REF-233757
0.2639651192613491,0.19148936170212766,0.24418730849031967,1.080913135571623e-15,-0.23605157491750606,-0.018742296818868485,0.0,0.0,0.0,0.0,1.0,1.0,0.0,0.0,1.0,0.0,REF-346330
4.680747131059246,0.07446808510638298,0.15516601081345183,1.080913135571623e-15,-0.6858625558294988,0.0,1.0,0.0,0.0,0.0,0.0,1.0,0.0,0.0,2.0,0.0,REF-774635
-1.1057194152346757,0.2978723404255319,0.2216164781594827,-1.33055959878933,-0.5528594952343496,-1.6387468576087993,1.0,0.0,0.0,0.0,0.0,0.0,1.0,0.0,0.0,1.0,REF-505641
0.0,0.2553191489361702,0.1682598542869096,0.25385692700041773,-0.13153759956280803,1.0426891744756017,1.0,0.0,0.0,0.0,0.0,1.0,0.0,0.0,1.0,1.0,REF-756713
1.585637342908438,0.22340425531914893,0.3086556986182698,-2.5163594026972502,-0.8029253006047037,-0.9824865127095059,0.0,0.0,1.0,0.0,0.0,1.0,0.0,0.0,2.0,2.0,REF-347183
0.0,0.05319148936170212,0.2943378856683152,1.0966079307996457,-1.4935673364190782,0.819805779149945,1.0,0.0,0.0,0.0,0.0,0.0,1.0,0.0,0.0,1.0,REF-218084
-0.9164401128494486,0.24468085106382975,0.301239142977364,0.9649685002687051,-0.5183532601589105,-0.3129021873576763,1.0,0.0,0.0,0.0,0.0,1.0,0.0,0.0,0.0,0.0,REF-105452
-0.7996922287766094,0.22340425531914893,0.17287031307349388,3.1376678494578663,0.6088903708348595,-0.7789694226785193,0.0,0.0,1.0,0.0,0.0,1.0,0.0,0.0,1.0,1.0,REF-881995
1.0769941010515516,0.22340425531914893,0.2614021043086856,-0.4236791291883761,1.5251158906330269,0.0,1.0,0.0,0.0,0.0,0.0,1.0,0.0,0.0,2.0,0.0,REF-166478
0.0,0.24468085106382975,0.2082968186382086,0.827575614011671,0.0,0.0,1.0,0.0,0.0,0.0,0.0,0.0,1.0,0.0,0.0,0.0,REF-177802
0.37958450884842265,0.21276595744680848,0.2192830367455425,0.9230045254641752,0.5722897336801566,-1.5013991593908624,0.0,0.0,0.0,0.0,1.0,1.0,0.0,0.0,1.0,0.0,REF-489175
-0.8853552192869967,0.22340425531914893,0.2134411960970244,-0.5598660673280024,0.4305990417850191,0.6167234825191614,1.0,0.0,0.0,0.0,0.0,1.0,0.0,0.0,0.0,1.0,REF-790721
-0.14475506540138497,0.24468085106382975,0.2192830367455425,-0.33333411581208594,0.5913044223795296,1.9657983042844753,1.0,0.0,0.0,0.0,0.0,1.0,0.0,0.0,1.0,0.0,REF-448821
-0.928032828930495,0.03191489361702127,0.11584196487688825,0.6250438585746592,0.0,0.0,1.0,0.0,0.0,0.0,0.0,1.0,0.0,0.0,0.0,1.0,REF-979754
0.4314952551936394,0.010638297872340413,0.29823805061331843,-1.3500993035200755,-0.177516421100199,0.0,0.0,0.0,0.0,1.0,0.0,1.0,0.0,0.0,1.0,0.0,REF-639976
0.384098486791485,0.0,0.24298084829916444,1.1283240681224587,0.0,-0.4815284384685174,0.0,1.0,0.0,0.0,0.0,0.0,1.0,0.0,1.0,0.0,REF-731087
-0.020928443190561682,0.22340425531914893,0.23467275127498066,0.24417360105307417,-0.2159621246865281,0.0,1.0,0.0,0.0,0.0,0.0,1.0,0.0,0.0,1.0,2.0,
10.556655552705822,0.4468085106382978,0.2908706618334529,-0.07676512871711112,-1.0713104456321085,0.0,0.0,0.0,0.0,1.0,0.0,1.0,0.0,0.0,1.0,2.0,REF-501907
2.5571685047448063,0.22340425531914893,0.2192830367455425,-0.6790793003571521,0.0956453586576132,-0.7394169671281798,1.0,0.0,0.0,0.0,0.0,0.0,1.0,0.0,1.0,1.0,REF-713619
1.0383175173121313,0.06382978723404253,0.3723255206191416,-2.3505561222987215,1.7590611953292308,-0.2998460275554729,1.0,0.0,0.0,0.0,0.0,0.0,1.0,0.0,2.0,2.0,REF-467982
0.0,0.22340425531914893,0.2192830367455425,2.0607797067443143,-1.4427303488376273,1.0135189805425073,1.0,0.0,0.0,0.0,0.0,1.0,0.0,0.0,1.0,0.0,REF-701726
-0.030366760707873815,0.22340425531914893,0.3488377851670714,1.080913135571623e-15,-0.38525744874275,-0.6826932987694467,1.0,0.0,0.0,0.0,0.0,0.0,0.0,1.0,1.0,1.0,REF-813911
-0.4991023339317774,0.32978723404255317,0.05477556531041916,-1.8701625439429406,2.0761064179923014,-0.9953030692091881,1.0,0.0,0.0,0.0,0.0,1.0,0.0,0.0,0.0,1.0,REF-166627
0.23893305975891255,0.2553191489361702,0.2825741227786507,0.6079943046998905,1.3233286670962803,1.5899133344627285,0.0,0.0,0.0,0.0,1.0,1.0,0.0,0.0,1.0,2.0,REF-919435
1.702590407796871,0.22340425531914893,0.2192830367455425,0.46937697268609485,0.34448161886723766,-0.7675858128698053,1.0,0.0,0.0,0.0,0.0,1.0,0.0,0.0,2.0,0.0,REF-355855
-0.26724801231084894,0.010638297872340413,0.3648597874133852,-0.47511656741798286,0.8343494419836341,0.13744698866642574,1.0,0.0,0.0,0.0,0.0,0.0,1.0,0.0,1.0,0.0,REF-976308
0.5333675301359323,0.20212765957446804,0.23128091006204965,0.12768487200589096,1.37856333264353,1.3452133160056803,0.0,0.0,1.0,0.0,0.0,0.0,0.0,1.0,2.0,1.0,REF-949702
0.0,0.17021276595744678,0.20489871569895168,0.350732531988812,0.0,0.0,1.0,0.0,0.0,0.0,0.0,0.0,1.0,0.0,1.0,0.0,REF-134493
3.348296,0.2553191489361702,0.22658534531645014,1.16889003927917,-0.3101221548862867,-2.0189191115200553,0.0,1.0,0.0,0.0,0.0,0.0,1.0,0.0,1.0,0.0,REF-292910
0.0,0.22340425531914893,0.13627072820604003,1.080913135571623e-15,0.0,1.2839642612787374,1.0,0.0,0.0,0.0,0.0,0.0,1.0,0.0,1.0,0.0,REF-459955
0.23400872018466273,0.22340425531914893,0.2192830367455425,-0.4447221955386979,1.1840566145328126,0.9183475227645669,0.0,0.0,1.0,0.0,0.0,1.0,0.0,0.0,1.0,0.0,REF-693722
-0.5155167991792767,0.22340425531914893,0.20448020117811438,1.080913135571623e-15,0.0,1.4385571566292035,1.0,0.0,0.0,0.0,0.0,1.0,0.0,0.0,1.0,0.0,REF-377753
0.4163118748397025,0.40425531914893614,0.3226467265213637,-0.991025819463598,1.2420924243184135,-1.0007390535786544,0.0,0.0,1.0,0.0,0.0,1.0,0.0,0.0,1.0,1.0,REF-174774
-0.13418825339830726,0.19148936170212766,0.24298782718047196,1.2363653453696715,0.8710414519347546,0.0,1.0,0.0,0.0,0.0,0.0,1.0,0.0,0.0,1.0,0.0,REF-263308
-1.0351372146704283,0.1595744680851064,0.18406152083391802,-0.32592447217033543,-0.9134636522855943,0.7367651807396227,0.0,0.0,0.0,0.0,1.0,0.0,1.0,0.0,0.0,1.0,REF-556591
0.5809694793536805,0.22340425531914893,0.25317044102015007,-0.19204260656939254,0.9776214116803443,0.0,0.0,0.0,1.0,0.0,0.0,1.0,0.0,0.0,2.0,1.0,REF-438002
1.335214157476276,0.351063829787234,0.3102271393164999,-0.7127612585384024,0.3499215174530589,1.087269486018381,0.0,0.0,0.0,1.0,0.0,1.0,0.0,0.0,2.0,2.0,REF-652202
1.288945883559887,0.12765957446808507,0.28360353131993676,0.01871801301595842,0.13706008677039794,0.11184661413662447,0.0,1.0,0.0,0.0,0.0,0.0,1.0,0.0,2.0,2.0,REF-466634
2.3023339317773788,0.19148936170212766,0.2771719869750875,1.3912400273909928,-0.34598361747619666,-0.5770157335088183,0.0,0.0,0.0,1.0,0.0,1.0,0.0,0.0,2.0,2.0,REF-507773
-0.7040779687099257,0.24468085106382975,0.09294471556934614,-1.6848636157348673,0.0,0.0,0.0,1.0,0.0,0.0,0.0,0.0,0.0,1.0,0.0,2.0,REF-805219
-0.4980764298538087,0.4574468085106383,0.2192830367455425,0.8120943677220316,0.15849619255181152,0.0,0.0,1.0,0.0,0.0,0.0,1.0,0.0,0.0,0.0,2.0,REF-498274
-0.16465760451397796,0.4787234042553192,0.23444608962651436,-0.34627947410392323,1.8224244373623548,0.4408114983332069,0.0,1.0,0.0,0.0,0.0,0.0,1.0,0.0,1.0,2.0,
-0.2963836881251603,0.17021276595744678,0.2192830367455425,0.3570792326192462,0.8867234478206957,-0.6488054572669437,1.0,0.0,0.0,0.0,0.0,0.0,1.0,0.0,1.0,0.0,REF-718621
-0.11028468838163631,0.9574468085106382,0.23751290763900013,1.412626825502807,0.2672900084932502,0.0,0.0,0.0,0.0,0.0,1.0,1.0,0.0,0.0,1.0,0.0,REF-696961
0.46309310079507565,0.03191489361702127,0.28399118890973885,-0.28394706244644563,-0.8779542044518045,-1.4549745142283745,0.0,1.0,0.0,0.0,0.0,0.0,1.0,0.0,2.0,2.0,REF-918074
-1.1088997178763786,0.22340425531914893,0.2657920818242072,0.6277249430391735,1.2267927271779993,-2.2383201629306613,1.0,0.0,0.0,0.0,0.0,0.0,1.0,0.0,0.0,0.0,REF-924789
0.0,0.22340425531914893,0.19541352758565722,-0.14263975654376956,-0.8044881866606529,1.640069898201035,0.0,0.0,0.0,1.0,0.0,1.0,0.0,0.0,2.0,2.0,REF-105529
0.4785842523724032,0.07446808510638298,0.18601339191235056,0.6661989885582136,1.6951081479173316,0.0,1.0,0.0,0.0,0.0,0.0,1.0,0.0,0.0,2.0,0.0,REF-212793
3.7157219799948704,0.12765957446808507,0.14324893731493304,0.050713030452212586,-1.0930056308886409,-2.29868697570636,0.0,1.0,0.0,0.0,0.0,1.0,0.0,0.0,2.0,2.0,REF-899794
6.245670996665812,0.18085106382978722,0.2192830367455425,-1.0439861346683852,0.8852439919311907,1.5097508589784263,0.0,1.0,0.0,0.0,0.0,0.0,1.0,0.0,1.0,1.0,REF-596160
0.4462682739163888,0.22340425531914893,0.181361627139621,0.17258703089152452,-0.16301646650339083,0.5900586521963693,0.0,0.0,1.0,0.0,0.0,1.0,0.0,0.0,2.0,1.0,REF-863892
-0.8521159271608104,0.351063829787234,0.2192830367455425,0.24976414535622435,0.5409186347735332,0.0,1.0,0.0,0.0,0.0,0.0,1.0,0.0,0.0,0.0,2.0,REF-823848
-0.434983329058733,0.21276595744680848,0.07941451433096969,0.7334887029095468,0.0,0.8699233856199956,0.0,0.0,1.0,0.0,0.0,1.0,0.0,0.0,1.0,1.0,REF-422362
-0.49499871761990255,0.22340425531914893,0.18494350800024062,2.1721866781140298,-0.629151288097228,-0.7888647939687796,0.0,1.0,0.0,0.0,0.0,1.0,0.0,0.0,1.0,1.0,REF-410289
-1.0423185432162092,0.08510638297872339,0.2097557045381171,-0.42055495175810376,0.7617864317762862,-0.20676063473353432,0.0,0.0,1.0,0.0,0.0,0.0,0.0,1.0,0.0,2.0,REF-814219
0.061349063862528856,0.22340425531914893,0.2192830367455425,1.3269552959688136,-1.2660430838228836,0.002399709206301737,0.0,0.0,0.0,0.0,1.0,1.0,0.0,0.0,1.0,0.0,REF-669425
-0.8188766350346243,0.22340425531914893,0.24388414674260872,0.8606020222130264,1.0496263653276174,0.892098516890939,0.0,0.0,0.0,1.0,0.0,1.0,0.0,0.0,0.0,0.0,REF-780328
0.0,0.1595744680851064,0.1874000378276781,0.1320499239322806,-1.5261949658972698,0.41408620145080643,1.0,0.0,0.0,0.0,0.0,1.0,0.0,0.0,1.0,0.0,REF-859971
0.0,0.22340425531914893,0.21123109998791634,-1.4020734372278352,-0.8622207876322201,0.6913072528690085,1.0,0.0,0.0,0.0,0.0,1.0,0.0,0.0,1.0,1.0,REF-595412
-0.41928699666581176,0.06382978723404253,0.16083006446065262,1.080913135571623e-15,-0.32580547454389097,1.3455007497172733,1.0,0.0,0.0,0.0,0.0,1.0,0.0,0.0,1.0,0.0,REF-572418
0.7015132085150039,0.22340425531914893,0.2504016447878854,1.080913135571623e-15,0.0,1.0709957800034848,1.0,0.0,0.0,0.0,0.0,1.0,0.0,0.0,2.0,2.0,REF-333356
3.5390612977686584,0.22340425531914893,0.22319748377847315,0.8473649414152635,0.9038586954275922,0.5304071029219538,1.0,0.0,0.0,0.0,0.0,1.0,0.0,0.0,2.0,0.0,REF-414416
-0.14762759681969737,0.26595744680851063,0.1544169542099576,1.080913135571623e-15,0.007099454925400063,0.0,0.0,0.0,0.0,0.0,1.0,0.0,1.0,0.0,1.0,2.0,REF-350838
-0.24447294177994358,0.17021276595744678,0.139405836498808,0.9415794192178699,-1.8047024828435283,0.9911167633676949,1.0,0.0,0.0,0.0,0.0,1.0,0.0,0.0,1.0,0.0,
-0.38850987432675044,0.021276595744680826,0.14899833882715807,0.6623924270587018,0.06856542835096577,-1.6279016593447162,0.0,0.0,1.0,0.0,0.0,1.0,0.0,0.0,1.0,0.0,REF-224109
-0.3543472685303924,0.276595744680851,0.2122513375084898,-1.2114811751319052,-0.619789596607378,2.1025881555493404,1.0,0.0,0.0,0.0,0.0,1.0,0.0,0.0,1.0,1.0,REF-258604
-1.091048986919723,0.351063829787234,0.2192830367455425,-0.4194307989712306,0.7245360288968804,1.0836921833463273,1.0,0.0,0.0,0.0,0.0,1.0,0.0,0.0,0.0,1.0,REF-942647
-1.483970248781739,0.19148936170212766,0.2192830367455425,1.075524240228744,-0.10842930975866201,0.0,1.0,0.0,0.0,0.0,0.0,0.0,0.0,1.0,1.0,1.0,REF-250621
0.0,0.14893617021276595,0.31713545043349445,1.8057725444276,-1.5223896431982888,-0.7687362260269458,0.0,0.0,0.0,1.0,0.0,1.0,0.0,0.0,0.0,0.0,REF-173727
0.0,0.17021276595744678,0.2192830367455425,1.4117345766294251,1.9799310213918289,0.0,1.0,0.0,0.0,0.0,0.0,0.0,1.0,0.0,1.0,2.0,REF-284533
-0.24354962810977174,0.23404255319148937,0.09568982427962691,-1.2793818744444332,1.3231420912461016,2.6809194771593794,0.0,1.0,0.0,0.0,0.0,1.0,0.0,0.0,1.0,0.0,REF-651200
4.549218816106694,0.0957446808510638,0.2192830367455425,0.6815120446874153,-2.2359696688477158,-1.2710130845971381,1.0,0.0,0.0,0.0,0.0,1.0,0.0,0.0,2.0,0.0,REF-997217
-0.8558091818414978,0.3617021276595745,0.18649027214483738,0.9177077117169481,1.2265397565835796,0.8002363520817174,0.0,1.0,0.0,0.0,0.0,1.0,0.0,0.0,0.0,0.0,REF-525371
-0.3218261092587843,0.351063829787234,0.26808688785152146,0.561901406393708,-0.5725899537815194,0.0,1.0,0.0,0.0,0.0,0.0,1.0,0.0,0.0,1.0,2.0,REF-596560
-0.9609643498332906,0.276595744680851,0.250767819839675,1.9524808362348884,-2.1781616779949613,-0.18883190745333092,0.0,0.0,0.0,1.0,0.0,1.0,0.0,0.0,0.0,2.0,REF-281519
0.5026929982046678,0.05319148936170212,0.15462263425851486,2.072095966019215,0.2023579234317016,0.0,0.0,1.0,0.0,0.0,0.0,0.0,0.0,1.0,1.0,2.0,REF-141458
-0.88032828930495,0.22340425531914893,0.18414737391857194,0.2644023825924272,1.5447458076374359,0.7336598807082855,1.0,0.0,0.0,0.0,0.0,1.0,0.0,0.0,0.0,0.0,REF-313008
0.0,0.021276595744680826,0.23419705702416316,1.437397613810854,0.2738268797630626,-1.0968383454813897,0.0,1.0,0.0,0.0,0.0,1.0,0.0,0.0,0.0,2.0,REF-473608
-1.0850987432675046,0.07446808510638298,0.2192830367455425,0.045522646397365786,-2.0285318934215515,-0.10643266517137707,0.0,1.0,0.0,0.0,0.0,0.0,0.0,1.0,0.0,1.0,REF-458581
-0.9334701205437291,0.14893617021276595,0.14634834413421238,-1.7281556554791682,0.0,1.6634942821977081,0.0,0.0,0.0,0.0,1.0,1.0,0.0,0.0,0.0,0.0,REF-754313
0.0,0.276595744680851,0.17881776924310522,-0.6551292089288165,0.0,-1.9454938988066013,1.0,0.0,0.0,0.0,0.0,0.0,1.0,0.0,1.0,1.0,REF-462276
-0.24529366504231853,0.22340425531914893,0.20800019691577276,0.14522846626948427,1.2332467433624987,1.9785623677010877,1.0,0.0,0.0,0.0,0.0,1.0,0.0,0.0,1.0,2.0,REF-612680
-1.0240574506283662,0.0957446808510638,0.24366588758160646,1.080913135571623e-15,0.12889178628408965,-0.11545455364940113,1.0,0.0,0.0,0.0,0.0,0.0,1.0,0.0,1.0,0.0,REF-504136
0.0,0.08510638297872339,0.024233214843702555,1.080913135571623e-15,0.0,-0.876493786597251,1.0,0.0,0.0,0.0,0.0,1.0,0.0,0.0,1.0,2.0,REF-287853
-0.8720184662734034,0.17021276595744678,0.20457508185248408,0.31840126734105817,0.4736075475760545,-0.027222464849750005,0.0,0.0,0.0,0.0,1.0,1.0,0.0,0.0,1.0,0.0,REF-293568
2.6572967427545526,0.0957446808510638,0.23979006309073636,0.4224909859057949,-0.8296348244096075,-1.153019635032531,1.0,0.0,0.0,0.0,0.0,1.0,0.0,0.0,2.0,1.0,REF-631331
0.8743780456527315,0.2553191489361702,0.20050150027002545,-1.5857486235008416,1.4683122518503022,0.0,1.0,0.0,0.0,0.0,0.0,0.0,1.0,0.0,2.0,1.0,REF-516366
0.0,0.28723404255319146,0.258127371293015,-1.4214680816437424,0.0,0.1074502616661914,1.0,0.0,0.0,0.0,0.0,1.0,0.0,0.0,1.0,1.0,REF-299710
-1.4213901000256477,0.05319148936170212,0.20784299226241032,-0.4757185252816881,-1.738912029514702,-0.58070255106888,1.0,0.0,0.0,0.0,0.0,0.0,1.0,0.0,0.0,1.0,REF-771561
0.0,0.11702127659574468,0.2880949873356533,0.36456462918653754,-2.0553883884326574,0.47452863542661994,1.0,0.0,0.0,0.0,0.0,0.0,1.0,0.0,1.0,2.0,REF-389345
0.0,0.2978723404255319,0.2192830367455425,-0.01712533564163589,-0.11844849259143467,-0.7414449462623556,1.0,0.0,0.0,0.0,0.0,0.0,1.0,0.0,1.0,2.0,REF-475058
0.0,0.40425531914893614,0.12877877067635168,1.1197883830619622,-0.7446905452992997,0.0,0.0,1.0,0.0,0.0,0.0,0.0,0.0,1.0,0.0,2.0,REF-924517
-0.36193895870736087,0.3191489361702127,0.21824306889994638,-0.033764941545609724,0.0,0.0,0.0,0.0,0.0,1.0,0.0,1.0,0.0,0.0,1.0,0.0,REF-779077
2.3043857399333163,0.30851063829787234,0.2815904087838419,-0.5753842518494757,-1.1888186178702767,0.008210851679554026,1.0,0.0,0.0,0.0,0.0,1.0,0.0,0.0,1.0,0.0,REF-646954
-0.8875096178507309,0.276595744680851,0.2143409472992639,-1.1531870881718067,-0.8439879271566711,0.0,0.0,0.0,1.0,0.0,0.0,1.0,0.0,0.0,1.0,0.0,REF-810024
-0.1513208515003847,0.18085106382978722,0.2162694177177027,1.839212343188495,0.0,0.2856104413311708,1.0,0.0,0.0,0.0,0.0,0.0,1.0,0.0,1.0,0.0,REF-576849
3.6273916388817646,0.05319148936170212,0.2752739988544839,0.10048718565617129,-1.095979082454751,-1.2458542808750974,0.0,1.0,0.0,0.0,0.0,1.0,0.0,0.0,2.0,2.0,REF-716627
0.6699153629135676,0.21276595744680848,0.287054264871756,1.2935965364772044,-2.019018912191716,0.0,0.0,0.0,0.0,1.0,0.0,0.0,0.0,1.0,2.0,0.0,REF-169796
-0.6134906386252885,0.40425531914893614,0.17016849055341154,0.7620304007021453,0.4315648525686383,0.0,0.0,0.0,0.0,1.0,0.0,1.0,0.0,0.0,1.0,0.0,REF-687037
0.38532957168504745,0.0,0.24135628889483396,1.080913135571623e-15,0.08830346060813161,-1.2409177004312075,0.0,0.0,0.0,0.0,1.0,1.0,0.0,0.0,1.0,0.0,REF-526974
0.009951269556296487,0.07446808510638298,0.1867380588242078,-0.13192161017320245,1.1917546071592715,0.0,1.0,0.0,0.0,0.0,0.0,0.0,0.0,1.0,1.0,2.0,REF-501922
-0.2303154655039754,0.04255319148936168,0.02857763268069924,-0.45650646737557743,0.3241432236097602,-0.4000620264406469,0.0,0.0,0.0,1.0,0.0,0.0,1.0,0.0,1.0,2.0,REF-288489
0.0,0.22340425531914893,0.11523497988627618,-0.6255061450267975,-0.1700309372277809,2.4697290925526505,0.0,0.0,0.0,1.0,0.0,1.0,0.0,0.0,0.0,1.0,REF-298834
1.380456527314696,0.19148936170212766,0.28044040260464076,1.2866335143405814,-0.2871354350632646,-0.9446095493493484,1.0,0.0,0.0,0.0,0.0,1.0,0.0,0.0,2.0,0.0,REF-485224
0.9062836624775583,0.0957446808510638,0.20024017969874386,-0.05602483066895214,0.5864124025028108,0.6066745403417195,0.0,0.0,0.0,0.0,1.0,0.0,1.0,0.0,1.0,0.0,REF-408935
2.2723775327006925,0.8829787234042554,0.17503391613221897,-0.17444859275648042,-2.050021470897624,-0.6009098306098734,1.0,0.0,0.0,0.0,0.0,0.0,0.0,1.0,2.0,0.0,REF-551495
0.41908181585021803,0.30851063829787234,0.3178968528064683,0.31326141845052985,0.3973622711813173,0.0,1.0,0.0,0.0,0.0,0.0,1.0,0.0,0.0,1.0,0.0,REF-268778
-0.2529879456270839,0.1595744680851064,0.13780475696263128,-0.4041912815881971,0.34859525015633136,0.008297070297850512,1.0,0.0,0.0,0.0,0.0,1.0,0.0,0.0,1.0,2.0,REF-462559
0.6492946909463965,0.9148936170212767,0.15126299437461377,0.28279401211945115,0.0,-2.1432473708685524,1.0,0.0,0.0,0.0,0.0,0.0,1.0,0.0,2.0,0.0,REF-869073
0.18681713259810206,0.24468085106382975,0.2192830367455425,-0.339252119065497,-0.24095943665181502,0.8214692460492847,1.0,0.0,0.0,0.0,0.0,1.0,0.0,0.0,1.0,2.0,REF-616866
-0.7557835342395486,0.1595744680851064,0.2192830367455425,-0.9325536207505728,-2.560280542482675,-0.6485983406799878,1.0,0.0,0.0,0.0,0.0,0.0,1.0,0.0,0.0,1.0,REF-267693
